"Test","Firefox Failures","Chrome Failures","Safari Failures","Bugs"
"/css/css-color/lab-007.html",1,0,0,""
"/css/css-color/xyz-d65-003.html",1,0,0,""
"/css/css-color/oklab-003.html",1,0,0,""
"/css/css-color/xyz-d50-001.html",1,0,0,""
"/css/css-color/xyz-d50-003.html",1,0,0,""
"/css/css-color/srgb-linear-004.html",1,0,0,""
"/css/css-color/rec2020-002.html",1,0,0,""
"/css/css-color/rec2020-004.html",1,0,0,""
"/css/css-color/predefined-006.html",1,0,0,1746079
"/css/css-color/xyz-002.html",1,0,0,""
"/css/css-color/parsing/color-computed-rgb.html",16,0,0,""
"/css/css-color/lab-006.html",1,0,0,""
"/css/css-color/parsing/color-computed-color-function.html",383,1,0,1745397
"/css/css-color/lab-004.html",1,0,0,""
"/css/css-color/parsing/color-computed-hwb.html",7,0,0,""
"/css/css-color/oklch-005.html",1,0,0,""
"/css/css-color/predefined-001.html",1,0,0,1746079
"/css/css-color/a98rgb-001.html",1,0,0,""
"/css/css-color/xyz-d65-005.html",1,0,0,""
"/css/css-color/xyz-003.html",1,0,0,""
"/css/css-color/a98rgb-004.html",1,0,0,""
"/css/css-color/xyz-d65-004.html",1,0,0,""
"/css/css-color/lch-001.html",1,0,0,""
"/css/css-color/prophoto-rgb-001.html",1,0,0,""
"/css/css-color/predefined-007.html",1,0,0,""
"/css/css-images/gradient/gradient-eval-007.html",1,0,0,1791175
"/css/css-color/predefined-012.html",1,0,0,""
"/css/css-color/prophoto-rgb-003.html",1,0,0,""
"/css/css-color/parsing/color-computed-color-mix-function.html",336,0,0,""
"/css/css-color/parsing/color-valid-rgb.html",16,0,0,""
"/css/css-color/lch-005.html",1,0,0,""
"/css/css-color/predefined-011.html",1,0,0,""
"/css/css-color/lab-005.html",1,0,0,""
"/css/css-color/rec2020-001.html",1,0,0,""
"/css/css-images/gradient/gradient-eval-005.html",1,0,0,1791175
"/css/css-color/predefined-009.html",1,0,0,""
"/css/css-color/oklch-007.html",1,0,0,""
"/css/css-color/nested-color-mix-with-currentcolor.html",1,0,0,""
"/css/css-color/prophoto-rgb-005.html",1,0,0,""
"/css/css-color/oklab-008.html",1,0,0,""
"/css/css-color/parsing/color-valid-color-function.html",222,0,0,1745397
"/css/css-color/xyz-d65-002.html",1,0,0,""
"/css/css-color/predefined-002.html",1,0,0,1746079
"/css/css-color/lch-002.html",1,0,0,""
"/css/css-images/gradient/gradient-eval-009.html",1,0,0,1791175
"/css/css-color/display-p3-006.html",1,0,0,1746282
"/css/css-color/srgb-linear-003.html",1,0,0,""
"/css/css-color/parsing/color-valid-color-mix-function.html",347,0,0,""
"/css/css-color/parsing/color-valid-hsl.html",9,0,0,""
"/css/css-color/lch-006.html",1,0,0,""
"/css/css-color/oklch-008.html",1,0,0,""
"/css/css-color/prophoto-rgb-002.html",1,0,0,""
"/css/css-color/srgb-linear-002.html",1,0,0,""
"/css/css-color/predefined-010.html",1,0,0,""
"/css/css-images/gradient/gradient-eval-003.html",1,0,0,1791175
"/css/css-color/display-p3-004.html",1,0,0,1746282
"/css/css-color/oklab-007.html",1,0,0,""
"/css/css-images/parsing/gradient-interpolation-method-computed.html",928,0,0,1784848
"/css/css-color/parsing/color-valid-lab.html",92,0,0,1745397
"/css/css-color/lab-002.html",1,0,0,""
"/css/css-color/parsing/color-valid-hwb.html",7,0,0,""
"/css/css-color/predefined-008.html",1,0,0,""
"/css/css-color/xyz-d65-001.html",1,0,0,""
"/css/css-color/lab-008.html",1,0,0,""
"/css/css-color/oklch-004.html",1,0,0,""
"/css/css-color/parsing/color-computed-lab.html",96,0,0,1745397
"/css/css-color/oklab-005.html",1,0,0,""
"/css/css-color/predefined-005.html",1,0,0,1746079
"/css/css-color/oklch-006.html",1,0,0,""
"/css/css-color/srgb-linear-001.html",1,0,0,""
"/css/css-color/oklch-003.html",1,0,0,""
"/css/css-images/gradient/gradient-eval-006.html",1,0,0,1791175
"/css/css-images/parsing/gradient-interpolation-method-valid.html",1384,0,0,1784848
"/css/css-color/display-p3-001.html",1,0,0,1746282
"/css/css-color/display-p3-002.html",1,0,0,1746282
"/css/css-color/xyz-d50-002.html",1,0,0,""
"/css/css-color/oklab-002.html",1,0,0,""
"/css/css-color/xyz-005.html",1,0,0,1745935
"/css/css-color/prophoto-rgb-004.html",1,0,0,""
"/css/css-images/gradient/gradient-eval-002.html",1,0,0,1791175
"/css/css-color/lch-008.html",1,0,0,""
"/css/css-color/lab-003.html",1,0,0,""
"/css/css-color/rec2020-005.html",1,0,0,""
"/css/css-color/oklab-004.html",1,0,0,""
"/css/css-color/parsing/color-computed-hsl.html",9,0,0,""
"/css/css-color/lch-003.html",1,0,0,""
"/css/css-color/a98rgb-003.html",1,0,0,""
"/css/css-color/oklab-001.html",1,0,0,""
"/css/css-color/oklch-001.html",1,0,0,""
"/css/css-color/lab-001.html",1,0,0,""
"/css/css-images/gradient/gradient-eval-008.html",1,0,0,1791175
"/css/css-color/lch-007.html",1,0,0,""
"/css/css-color/xyz-004.html",1,0,0,1745935
"/css/css-color/a98rgb-002.html",1,0,0,""
"/css/css-color/oklab-006.html",1,0,0,""
"/css/css-color/oklch-002.html",1,0,0,""
"/css/css-color/lch-004.html",1,0,0,""
"/css/css-color/xyz-d50-004.html",1,0,0,""
"/css/css-color/predefined-016.html",1,0,0,1748184
"/css/css-color/xyz-d50-005.html",1,0,0,""
"/css/css-color/display-p3-005.html",1,0,0,1746282
"/css/css-color/display-p3-003.html",1,0,0,""
"/css/css-color/xyz-001.html",1,0,0,""
"/css/css-color/rec2020-003.html",1,0,0,""
